﻿Name,Descrição
Cap 1,Construindo uma máquina agrícola
Cap 2,A transformação de dados físicos em digitais
Cap 3,A magia da matemática no Python
Cap 4,Arrumação interna dos dados
Cap 5,Os gráficos também falam
Cap 6,
Cap 7,Explorando as dimensões avançadas da modelagem de dados
Cap 8,Desvendando a perfeição: Estrategistas da normalização de dados 
Cap 9,
Cap 10,
Cap 11,Chamando todas as placas
Cap 12,
Cap 13,
Cap 14,
Cap 15,
Sprint 1,
Challenge Cap 1,Construindo uma máquina agrícola
Challenge Cap 14,A primeira técnica de aprendizado de máquina